"treeId","commonName","scientificName","localName","category","zone","latitude","longitude","plantedDate","plantedBy","healthStatus","height","girth","caretakerName","description","healthBenefits","culturalSignificance","photos"
"","Sapodilla","Manilkara zapota","चीकू (Cheeku)","Fruit","GH Lawn","","","","","Healthy","2.1","","","A sweet, malty-flavoured fruit tree that stays evergreen all year and gives dense shade.","Rich in natural sugars, fibre and Vitamin C; gives quick energy and aids digestion.","A popular seasonal fruit in Indian homes and orchards, enjoyed fresh and in milkshakes.","https://images.unsplash.com/photo-1542273917363-3b1817f69a2d?w=800"
"","Sapodilla","Manilkara zapota","चीकू (Cheeku)","Fruit","GH Lawn","","","","","Healthy","2.3","","","A sweet, malty-flavoured fruit tree that stays evergreen all year and gives dense shade.","Rich in natural sugars, fibre and Vitamin C; gives quick energy and aids digestion.","A popular seasonal fruit in Indian homes and orchards, enjoyed fresh and in milkshakes.","https://images.unsplash.com/photo-1542273917363-3b1817f69a2d?w=800"
"","Sapodilla","Manilkara zapota","चीकू (Cheeku)","Fruit","GH Lawn","","","","","Healthy","1.8","","","A sweet, malty-flavoured fruit tree that stays evergreen all year and gives dense shade.","Rich in natural sugars, fibre and Vitamin C; gives quick energy and aids digestion.","A popular seasonal fruit in Indian homes and orchards, enjoyed fresh and in milkshakes.","https://images.unsplash.com/photo-1542273917363-3b1817f69a2d?w=800"
"","Sapodilla","Manilkara zapota","चीकू (Cheeku)","Fruit","GH Lawn","","","","","Healthy","3.0","","","A sweet, malty-flavoured fruit tree that stays evergreen all year and gives dense shade.","Rich in natural sugars, fibre and Vitamin C; gives quick energy and aids digestion.","A popular seasonal fruit in Indian homes and orchards, enjoyed fresh and in milkshakes.","https://images.unsplash.com/photo-1542273917363-3b1817f69a2d?w=800"
"","Sapodilla","Manilkara zapota","चीकू (Cheeku)","Fruit","GH Lawn","","","","","Healthy","1.5","","","A sweet, malty-flavoured fruit tree that stays evergreen all year and gives dense shade.","Rich in natural sugars, fibre and Vitamin C; gives quick energy and aids digestion.","A popular seasonal fruit in Indian homes and orchards, enjoyed fresh and in milkshakes.","https://images.unsplash.com/photo-1542273917363-3b1817f69a2d?w=800"
"","Sapodilla","Manilkara zapota","चीकू (Cheeku)","Fruit","GH Lawn","","","","","Healthy","2.3","","","A sweet, malty-flavoured fruit tree that stays evergreen all year and gives dense shade.","Rich in natural sugars, fibre and Vitamin C; gives quick energy and aids digestion.","A popular seasonal fruit in Indian homes and orchards, enjoyed fresh and in milkshakes.","https://images.unsplash.com/photo-1542273917363-3b1817f69a2d?w=800"
"","Sapodilla","Manilkara zapota","चीकू (Cheeku)","Fruit","GH Lawn","","","","","Healthy","1.0","","","A sweet, malty-flavoured fruit tree that stays evergreen all year and gives dense shade.","Rich in natural sugars, fibre and Vitamin C; gives quick energy and aids digestion.","A popular seasonal fruit in Indian homes and orchards, enjoyed fresh and in milkshakes.","https://images.unsplash.com/photo-1542273917363-3b1817f69a2d?w=800"
"","Sapodilla","Manilkara zapota","चीकू (Cheeku)","Fruit","C Block Lawn","","","","","Healthy","1.5","","","A sweet, malty-flavoured fruit tree that stays evergreen all year and gives dense shade.","Rich in natural sugars, fibre and Vitamin C; gives quick energy and aids digestion.","A popular seasonal fruit in Indian homes and orchards, enjoyed fresh and in milkshakes.","https://images.unsplash.com/photo-1542273917363-3b1817f69a2d?w=800"
"","Java Plum","Syzygium cumini","जामुन (Jamun)","Fruit","C Block Lawn","","","","","Healthy","3.2","","","A tall, evergreen tree bearing deep purple, tangy-sweet berries in summer.","Rich in iron and antioxidants; traditionally used to support blood sugar balance and digestion.","Highly valued in Ayurveda and Indian folk tradition; its fruit is a beloved monsoon-season treat.","https://images.unsplash.com/photo-1542273917363-3b1817f69a2d?w=800"
"","Lemon","Citrus limon","नींबू (Neembu)","Fruit","C Block Lawn","","","","","Healthy","1.5","","","A small evergreen citrus tree with fragrant blossoms and sour, juicy fruits.","Excellent source of Vitamin C; supports immunity, digestion and hydration.","Used in daily Indian cooking, home remedies and even as a protective charm (nimbu-mirchi).","https://images.unsplash.com/photo-1542273917363-3b1817f69a2d?w=800"
"","Guava","Psidium guajava","अमरूद (Amrood)","Fruit","C Block Lawn","","","","","Healthy","1.4","","","A hardy fruit tree that bears crunchy, aromatic fruits almost throughout the year.","Very high in Vitamin C and dietary fibre; good for digestion and immunity.","A common and much-loved winter fruit, often eaten with a sprinkle of black salt and spices.","https://images.unsplash.com/photo-1542273917363-3b1817f69a2d?w=800"
"","Karonda (Bengal Currant)","Carissa carandas","करौंदा (Karonda)","Fruit","C Block Lawn","","","","","Healthy","1.3","","","A thorny, drought-tolerant shrub that bears small tangy fruits; also used as a hedge plant.","Rich in iron and Vitamin C; used in traditional remedies for digestion and anaemia.","Widely used in Indian pickles, chutneys and preserves.","https://images.unsplash.com/photo-1542273917363-3b1817f69a2d?w=800"
"","Bael","Aegle marmelos","बेल (Bael / Belpatra)","Medicinal","Fal Mahal","","","","","Healthy","1.5","","","A sacred, hardy tree with distinctive three-leaflet leaves and a hard-shelled fruit.","Bael fruit and leaves are used in Ayurveda for digestion, cooling the body and gut health.","Bael leaves (Belpatra) are offered to Lord Shiva and are considered highly auspicious.","https://images.unsplash.com/photo-1542273917363-3b1817f69a2d?w=800"
"","Cherry","Prunus avium","चेरी (Cherry)","Fruit","Fal Mahal","","","","","Healthy","1.2","","","A fruit-bearing tree with small, sweet-tart red fruits.","Contains antioxidants and Vitamin C; may help reduce inflammation.","A colourful fruit enjoyed fresh and in desserts.","https://images.unsplash.com/photo-1542273917363-3b1817f69a2d?w=800"
"","Apple","Malus domestica","सेब (Seb)","Fruit","Fal Mahal","","","","","Healthy","2.0","","","A deciduous fruit tree known for its crisp, sweet fruits.","Good source of fibre and antioxidants; supports heart health and digestion.","Symbol of health in popular saying: 'an apple a day keeps the doctor away'.","https://images.unsplash.com/photo-1542273917363-3b1817f69a2d?w=800"
"","Sapodilla","Manilkara zapota","चीकू (Cheeku)","Fruit","Fal Mahal","","","","","Healthy","2.9","","","A sweet, malty-flavoured fruit tree that stays evergreen all year and gives dense shade.","Rich in natural sugars, fibre and Vitamin C; gives quick energy and aids digestion.","A popular seasonal fruit in Indian homes and orchards, enjoyed fresh and in milkshakes.","https://images.unsplash.com/photo-1542273917363-3b1817f69a2d?w=800"
"","Kalpavriksha","Adansonia digitata","कल्पवृक्ष (Kalp Vriksh)","Sacred","C Block","","","","","Healthy","3.9","","","A long-lived, massive-trunked tree known as the 'wish-fulfilling tree'.","Fruit pulp is rich in Vitamin C, calcium and fibre; leaves and bark have traditional medicinal uses.","Revered in Indian tradition as the divine wish-fulfilling tree (Kalpavriksha).","https://images.unsplash.com/photo-1542273917363-3b1817f69a2d?w=800"
"","Pomegranate","Punica granatum","अनार (Anar)","Fruit","GH Lawn","","","","","Healthy","1.0","","","A small, bushy fruit tree bearing ruby-red, jewel-like seeds.","Packed with antioxidants and Vitamin C; supports heart health and blood building.","Considered a symbol of prosperity and fertility in Indian culture.","https://images.unsplash.com/photo-1542273917363-3b1817f69a2d?w=800"
